{"chunk_definitions":[{"row":29,"row_count":1,"visible":true,"expansion_state":0,"options":{"engine":"r","message":false,"label":"unnamed-chunk-1"},"document_id":"BD2C4AB8","chunk_id":"c42bu9stn7t05","chunk_label":"unnamed-chunk-1"},{"row":37,"row_count":1,"visible":true,"expansion_state":0,"options":{"engine":"r","label":"unnamed-chunk-2"},"document_id":"BD2C4AB8","chunk_id":"cyk4cj5weue2k","chunk_label":"unnamed-chunk-2"},{"row":45,"row_count":1,"visible":true,"expansion_state":0,"options":{"engine":"r","label":"unnamed-chunk-3"},"document_id":"BD2C4AB8","chunk_id":"clkbeiwvd1djl","chunk_label":"unnamed-chunk-3"}],"doc_write_time":1599494395}